Datum von,Jahr,Monat,Biomasse [MWh],Wasserkraft [MWh],Wind Offshore [MWh],Wind Onshore [MWh],Photovoltaik [MWh],Sonstige Erneuerbare [MWh],Kernenergie [MWh],Braunkohle [MWh],Steinkohle [MWh],Erdgas [MWh],Pumpspeicher [MWh],Sonstige Konventionelle [MWh],Biomasse [TWh],Wasserkraft [TWh],Wind Offshore [TWh],Wind Onshore [TWh],Photovoltaik [TWh],Sonstige Erneuerbare [TWh],Kernenergie [TWh],Braunkohle [TWh],Steinkohle [TWh],Erdgas [TWh],Pumpspeicher [TWh],Sonstige Konventionelle [TWh]
2015-01-01,2015,Januar,3479938.77,1186617.59,264490.14,9404178.83,560194.61,175611.97,8201762.38,11800183.18,6387685.58,1405688.92,762023.04,839702.19,3.47993877,1.18661759,0.26449014000000004,9.40417883,0.56019461,0.17561197,8.20176238,11.80018318,6.38768558,1.40568892,0.76202304,0.8397021899999999
2015-02-01,2015,Februar,3153613.46,871004.8,284790.22,5181228.19,1367809.39,154664.97,7498808.73,11249755.3,7886895.71,1615352.6,651887.77,797723.97,3.15361346,0.8710048,0.28479022,5.181228190000001,1.36780939,0.15466497,7.49880873,11.2497553,7.88689571,1.6153526,0.65188777,0.79772397
2015-03-01,2015,März,3437602.13,1030917.99,434443.05,6865747.54,2839770.88,156243.35,7308641.32,12177183.02,7320063.65,1359908.55,718934.49,817338.79,3.4376021299999997,1.03091799,0.43444305,6.86574754,2.83977088,0.15624335,7.30864132,12.17718302,7.320063650000001,1.35990855,0.71893449,0.8173387900000001
2015-04-01,2015,April,3269723.3,1248928.32,379940.4,4837677.66,4380466.76,151245.19,6858356.45,10200743.22,5994324.95,850196.84,676779.64,770986.52,3.2697233,1.24892832,0.3799404,4.83767766,4.38046676,0.15124519,6.8583564500000005,10.200743220000001,5.99432495,0.85019684,0.67677964,0.77098652
2015-05-01,2015,Mai,3361025.36,1560655.41,566551.4,4848138.13,4366740.0,136081.97,6930784.48,8935798.05,4295091.75,866135.02,747062.94,714053.44,3.3610253599999997,1.5606554099999999,0.5665514,4.84813813,4.36674,0.13608197,6.930784480000001,8.93579805,4.29509175,0.86613502,0.74706294,0.7140534399999999
2015-06-01,2015,Juni,3148634.57,1530080.42,482704.86,3703068.02,4565107.66,130830.06,6255284.14,9783882.06,5766215.62,785115.21,713295.32,715374.22,3.14863457,1.53008042,0.48270486,3.70306802,4.56510766,0.13083006,6.25528414,9.78388206,5.7662156200000005,0.78511521,0.71329532,0.71537422
2015-07-01,2015,Juli,3154176.33,1428882.87,711055.23,5258582.06,4919012.42,128932.93,5087525.84,11028702.59,6224532.46,1135712.59,713222.58,702168.93,3.15417633,1.42888287,0.7110552299999999,5.258582059999999,4.91901242,0.12893293,5.08752584,11.02870259,6.22453246,1.13571259,0.7132225799999999,0.70216893
2015-08-01,2015,August,3171875.11,1294891.54,573051.14,3325961.09,4619954.6,126557.45,7067474.42,11690165.04,6408932.47,854279.14,640851.4,685433.04,3.1718751099999998,1.29489154,0.57305114,3.32596109,4.6199546,0.12655745,7.06747442,11.690165039999998,6.40893247,0.85427914,0.6408514000000001,0.68543304
2015-09-01,2015,September,3215482.95,1123136.94,770218.89,4861013.13,3187844.77,141784.91,7292421.45,12245028.06,7751902.28,880402.71,587981.82,1034335.82,3.21548295,1.12313694,0.77021889,4.86101313,3.18784477,0.14178491000000001,7.29242145,12.245028060000001,7.75190228,0.8804027099999999,0.58798182,1.03433582
2015-10-01,2015,Oktober,3435017.83,1054511.77,890793.4,3153530.24,1941872.93,167406.08,6714338.57,12858697.92,9756304.22,1759364.82,694618.92,1192280.19,3.43501783,1.05451177,0.8907934000000001,3.1535302400000003,1.94187293,0.16740607999999998,6.714338570000001,12.85869792,9.75630422,1.75936482,0.69461892,1.19228019
2015-11-01,2015,November,3367881.05,848746.18,1297678.34,9354374.59,1138657.83,167095.84,7465126.85,11069423.45,7112669.21,1901767.96,645270.8,1104250.32,3.36788105,0.84874618,1.29767834,9.354374589999999,1.13865783,0.16709584,7.46512685,11.069423449999999,7.11266921,1.90176796,0.6452708,1.10425032
2015-12-01,2015,Dezember,3556113.6,915792.52,1507018.69,10375239.63,847248.93,176848.81,7682960.28,10758157.55,6234033.65,1811952.19,648509.51,1051661.63,3.5561136,0.91579252,1.50701869,10.375239630000001,0.84724893,0.17684881,7.6829602800000005,10.75815755,6.234033650000001,1.81195219,0.64850951,1.05166163
2016-01-01,2016,Januar,3559094.06,1007806.82,1386330.49,8154722.12,675069.89,192317.13,7813365.66,11762657.99,8065569.21,2456380.34,723297.58,1149485.92,3.55909406,1.0078068199999999,1.38633049,8.15472212,0.6750698900000001,0.19231713,7.8133656600000005,11.762657990000001,8.06556921,2.45638034,0.72329758,1.1494859199999998
2016-02-01,2016,Februar,3364925.94,1157603.97,1156101.9,8863699.37,1262446.34,169960.2,7218782.88,10601948.4,6528947.58,1684994.44,667189.77,1064211.56,3.36492594,1.15760397,1.1561019,8.863699369999999,1.2624463400000001,0.1699602,7.21878288,10.6019484,6.52894758,1.6849944399999999,0.66718977,1.06421156
2016-03-01,2016,März,3607140.01,1358744.26,853287.65,5283413.67,2492565.56,186204.69,7687228.4,11022927.13,7819384.96,1506569.51,622185.13,1207381.78,3.6071400099999997,1.35874426,0.8532876500000001,5.28341367,2.49256556,0.18620469,7.6872284,11.022927130000001,7.81938496,1.50656951,0.62218513,1.20738178
2016-04-01,2016,April,3418680.95,1600631.11,887578.63,5168800.07,3955764.35,151780.64,5127448.71,10742436.23,6669299.7,1130953.13,620325.93,1052536.03,3.41868095,1.6006311100000001,0.88757863,5.1688000700000005,3.95576435,0.15178064000000002,5.12744871,10.742436230000001,6.6692997,1.13095313,0.62032593,1.05253603
2016-05-01,2016,Mai,3440723.6,1865288.49,936942.04,5287533.74,4948148.45,143620.61,4869633.5,10058847.36,5326787.51,1188228.67,644920.68,1090491.78,3.4407236,1.86528849,0.93694204,5.287533740000001,4.948148450000001,0.14362060999999998,4.8696335,10.05884736,5.32678751,1.18822867,0.64492068,1.09049178
2016-06-01,2016,Juni,3218523.54,1907809.85,566119.47,2837406.08,4744944.69,124143.97,5967672.17,9580803.94,6660841.79,1116913.49,675701.38,1106423.12,3.21852354,1.90780985,0.56611947,2.83740608,4.7449446900000005,0.12414397,5.96767217,9.58080394,6.66084179,1.11691349,0.67570138,1.10642312
2016-07-01,2016,Juli,3288701.55,2071244.08,796113.71,3981831.69,4924811.06,119613.71,6138018.21,10626615.09,5881933.9,1152711.89,645942.96,1100974.54,3.28870155,2.07124408,0.79611371,3.98183169,4.92481106,0.11961371000000001,6.13801821,10.62661509,5.8819339,1.15271189,0.64594296,1.10097454
2016-08-01,2016,August,3300759.8,2007044.29,879296.92,3987187.74,4701708.39,117914.9,7014115.48,10533579.7,5409502.21,1767611.19,678285.39,1123010.53,3.3007598,2.00704429,0.87929692,3.9871877400000004,4.701708389999999,0.11791489999999999,7.01411548,10.533579699999999,5.40950221,1.76761119,0.67828539,1.12301053
2016-09-01,2016,September,3224239.49,1565762.84,710972.98,3564466.48,3843236.71,120491.58,6844051.81,11008449.28,6590783.24,2379832.56,642505.86,1188053.98,3.2242394900000004,1.56576284,0.71097298,3.56446648,3.84323671,0.12049158,6.84405181,11.008449279999999,6.59078324,2.37983256,0.64250586,1.18805398
2016-10-01,2016,Oktober,3513995.79,1180029.46,1304620.45,4422605.09,1672957.17,158199.61,7831158.26,11808648.13,7079270.04,2736041.67,662464.22,1239422.96,3.51399579,1.1800294599999999,1.30462045,4.42260509,1.6729571699999999,0.15819961,7.83115826,11.808648130000002,7.07927004,2.73604167,0.6624642199999999,1.23942296
2016-11-01,2016,November,3456602.6,1172522.61,1316919.24,6763849.19,1000725.21,175121.33,7424053.67,11553165.19,7494490.88,2626352.82,695047.61,1177749.24,3.4566026,1.1725226100000001,1.31691924,6.76384919,1.00072521,0.17512133,7.42405367,11.55316519,7.49449088,2.6263528199999997,0.69504761,1.17774924
2016-12-01,2016,Dezember,3662439.62,1120030.29,1298811.62,7993372.38,776127.5,176557.71,6306900.19,11075471.9,7363082.08,3142158.88,822274.73,1242127.44,3.6624396200000002,1.12003029,1.2988116200000002,7.99337238,0.7761275,0.17655770999999998,6.30690019,11.0754719,7.36308208,3.1421588799999998,0.82227473,1.24212744
2017-01-01,2017,Januar,3649711.97,858535.23,1230808.11,6645128.72,781465.03,177271.8,5724510.7,11680609.48,9528841.72,3726357.79,894617.29,1476514.08,3.6497119700000002,0.85853523,1.2308081100000001,6.64512872,0.78146503,0.17727179999999998,5.724510700000001,11.680609480000001,9.52884172,3.7263577900000002,0.89461729,1.47651408
2017-02-01,2017,Februar,3282916.34,892756.3,1899416.9,8094545.14,1481436.15,162645.59,4543545.84,10507491.53,7034388.9,2522126.9,678858.84,1223793.46,3.28291634,0.8927563000000001,1.8994168999999999,8.09454514,1.48143615,0.16264559,4.54354584,10.50749153,7.034388900000001,2.5221269,0.67885884,1.22379346
2017-03-01,2017,März,3569829.27,1234639.45,1487017.63,7850786.24,3224212.86,171021.66,4850954.5,11530154.28,5885605.38,2191156.44,786359.72,1373790.6,3.56982927,1.23463945,1.48701763,7.850786240000001,3.2242128599999997,0.17102166,4.8509545,11.53015428,5.88560538,2.19115644,0.78635972,1.3737906000000002
2017-04-01,2017,April,3419713.52,1153828.59,1395681.57,6708627.51,3868653.0,151582.35,4764285.43,10910745.63,4581375.81,1787654.76,746560.71,1328344.38,3.41971352,1.15382859,1.39568157,6.7086275099999995,3.868653,0.15158235,4.764285429999999,10.910745630000001,4.58137581,1.78765476,0.74656071,1.3283443799999999
2017-05-01,2017,Mai,3402196.93,1507675.19,1207356.74,4452314.3,5107633.61,137429.17,5649977.58,10874071.31,5433328.51,1773664.74,743162.41,1290335.64,3.40219693,1.50767519,1.20735674,4.452314299999999,5.107633610000001,0.13742917000000002,5.64997758,10.87407131,5.43332851,1.77366474,0.74316241,1.29033564
2017-06-01,2017,Juni,3179593.44,1498170.11,1248283.74,5908985.51,5360119.32,104349.44,6348391.78,10125063.11,3829714.18,1655944.0,775336.66,1177131.3,3.17959344,1.49817011,1.24828374,5.90898551,5.36011932,0.10434944,6.34839178,10.12506311,3.8297141800000003,1.655944,0.77533666,1.1771313
2017-07-01,2017,Juli,3256322.88,1507610.5,934910.71,4613523.75,4883687.15,107687.28,5345067.97,10364435.92,4499040.37,2176384.82,607658.21,1258152.97,3.25632288,1.5076105,0.9349107099999999,4.61352375,4.88368715,0.10768728,5.34506797,10.36443592,4.49904037,2.17638482,0.60765821,1.25815297
2017-08-01,2017,August,3255625.65,1539492.07,1124715.87,4429446.64,4585533.49,123815.68,7091590.41,11198090.62,4013498.18,1254035.71,674851.95,1239697.42,3.25562565,1.53949207,1.1247158700000002,4.42944664,4.58553349,0.12381568,7.09159041,11.198090619999999,4.01349818,1.25403571,0.67485195,1.23969742
2017-09-01,2017,September,3173709.82,1487918.33,1009553.86,5360400.85,3067429.63,124437.23,6388126.5,10481485.45,5796293.5,1638233.4,672711.43,1294470.65,3.17370982,1.48791833,1.00955386,5.3604008499999996,3.06742963,0.12443723,6.3881265,10.48148545,5.7962935,1.6382333999999998,0.67271143,1.2944706499999998
2017-10-01,2017,Oktober,3378297.54,1305468.84,2210472.45,10495067.08,2120465.65,143272.75,7361692.11,10328135.8,4263339.33,1884666.94,755029.51,1337365.91,3.37829754,1.30546884,2.21047245,10.49506708,2.12046565,0.14327275,7.36169211,10.3281358,4.26333933,1.88466694,0.75502951,1.33736591
2017-11-01,2017,November,3415836.73,1309388.55,1642971.01,8749828.46,816469.57,157561.17,6905502.62,11160861.12,6268280.16,2701063.18,749873.82,1377081.85,3.41583673,1.30938855,1.64297101,8.749828460000002,0.81646957,0.15756117,6.90550262,11.16086112,6.26828016,2.7010631800000002,0.7498738199999999,1.3770818500000002
2017-12-01,2017,Dezember,3585725.07,1303188.21,2022976.77,12658925.75,482294.33,163057.2,7240261.96,10125428.27,4871752.59,2269032.71,534044.28,1404234.61,3.5857250699999996,1.30318821,2.02297677,12.65892575,0.48229433,0.1630572,7.24026196,10.125428269999999,4.87175259,2.26903271,0.53404428,1.40423461
2018-01-01,2018,Januar,3581036.22,1400990.24,1880620.7,12549925.74,716921.4,168357.93,6694342.26,11104431.8,5161637.86,4037190.47,916190.32,1364185.21,3.58103622,1.40099024,1.8806207,12.54992574,0.7169214,0.16835793,6.69434226,11.1044318,5.16163786,4.0371904700000005,0.91619032,1.36418521
2018-02-01,2018,Februar,3266619.62,1182993.07,1539506.32,6411038.47,1836248.89,157498.71,6094704.88,11190684.85,8061135.27,5065446.2,757503.17,1179455.62,3.26661962,1.18299307,1.53950632,6.411038469999999,1.8362488899999998,0.15749871,6.09470488,11.19068485,8.06113527,5.0654462,0.75750317,1.1794556200000001
2018-03-01,2018,März,3454748.24,1142389.46,1617560.03,9001493.03,2745421.11,171387.06,6175821.79,11291181.14,7873983.04,4127728.25,834566.39,1235019.96,3.4547482400000002,1.14238946,1.61756003,9.001493029999999,2.7454211099999997,0.17138706,6.17582179,11.29118114,7.87398304,4.12772825,0.83456639,1.23501996
2018-04-01,2018,April,3191465.07,1436745.98,1592135.66,7311776.09,4854882.06,130876.46,5181358.66,10198548.27,4166420.48,2221445.37,801757.95,1213386.67,3.19146507,1.43674598,1.5921356599999998,7.3117760899999995,4.8548820599999996,0.13087646,5.18135866,10.19854827,4.16642048,2.22144537,0.8017579499999999,1.21338667
2018-05-01,2018,Mai,3340716.84,1713215.28,1300815.45,5935032.76,5922535.21,120133.26,4872694.3,10157971.87,3782750.05,2094052.5,806285.02,1205619.69,3.34071684,1.71321528,1.30081545,5.9350327599999995,5.92253521,0.12013325999999999,4.8726943,10.157971869999999,3.7827500499999998,2.0940525,0.80628502,1.20561969
2018-06-01,2018,Juni,3142480.43,1669177.84,1124230.46,4620259.52,5323130.88,102072.15,5698555.6,11033453.39,4614122.59,2512160.81,624153.12,985006.17,3.14248043,1.6691778400000001,1.12423046,4.620259519999999,5.32313088,0.10207215,5.6985556,11.03345339,4.61412259,2.51216081,0.62415312,0.98500617
2018-07-01,2018,Juli,3114919.31,1418495.63,759896.94,3635642.47,6150741.99,100987.91,6157166.72,11530002.51,6234891.51,3350725.48,498650.15,1123179.26,3.11491931,1.4184956299999998,0.75989694,3.63564247,6.15074199,0.10098791,6.157166719999999,11.53000251,6.23489151,3.35072548,0.49865015,1.12317926
2018-08-01,2018,August,3165960.93,1248229.41,1076466.18,4982330.63,5166926.59,98532.71,6524326.76,10972610.43,5460820.92,3127740.68,556437.16,1359188.63,3.1659609300000002,1.24822941,1.07646618,4.98233063,5.16692659,0.09853271000000001,6.52432676,10.97261043,5.46082092,3.12774068,0.55643716,1.3591886299999998
2018-09-01,2018,September,3040552.42,1184238.44,1783010.21,6120461.01,4061408.23,103903.49,5600412.23,10411670.38,5979534.45,2892266.25,713337.79,1419430.13,3.04055242,1.18423844,1.78301021,6.12046101,4.06140823,0.10390349,5.600412230000001,10.41167038,5.97953445,2.89226625,0.7133377900000001,1.4194301299999998
2018-10-01,2018,Oktober,3316908.82,1037148.08,2006663.67,8708046.36,2743667.54,110539.43,5745275.05,10665987.26,7041724.43,3812471.14,792996.05,1478598.55,3.3169088199999996,1.03714808,2.00666367,8.708046359999999,2.74366754,0.11053943,5.74527505,10.66598726,7.0417244299999995,3.81247114,0.7929960500000001,1.47859855
2018-11-01,2018,November,3417159.02,990249.46,1973118.91,7986210.95,1162079.91,101350.51,6325700.95,10634904.06,7495155.18,5033022.23,689863.31,1557569.73,3.41715902,0.9902494599999999,1.97311891,7.98621095,1.1620799099999999,0.10135050999999999,6.32570095,10.63490406,7.495155179999999,5.03302223,0.68986331,1.55756973
2018-12-01,2018,Dezember,3493904.27,1118108.93,2414345.97,12060621.53,512112.28,96358.59,6771242.28,9138480.44,5673043.81,4603916.01,813065.95,1548918.87,3.49390427,1.11810893,2.4143459700000003,12.060621529999999,0.51211228,0.09635859,6.77124228,9.138480439999999,5.673043809999999,4.60391601,0.8130659499999999,1.54891887
2019-01-01,2019,Januar,3550046.75,1200910.75,2213086.5,12522275.25,728156.75,136702.5,6821064.0,9862384.25,7549348.25,5740661.5,824704.25,1222620.5,3.55004675,1.20091075,2.2130865,12.52227525,0.72815675,0.1367025,6.821064,9.86238425,7.54934825,5.7406615,0.82470425,1.2226205
2019-02-01,2019,Februar,3215899.5,1032343.75,1938096.25,8892392.75,2184288.25,137206.75,6196593.0,9835908.5,5566684.0,4474908.25,655388.5,1207127.0,3.2158995,1.03234375,1.93809625,8.89239275,2.18428825,0.13720675,6.196593,9.8359085,5.566684,4.47490825,0.6553885,1.207127
2019-03-01,2019,März,3481646.5,1384887.5,2540870.25,13696172.5,3020968.75,145525.5,6713072.25,8298238.75,3119376.25,3647710.75,788373.0,1159437.75,3.4816465,1.3848875,2.54087025,13.6961725,3.02096875,0.1455255,6.71307225,8.29823875,3.11937625,3.64771075,0.788373,1.15943775
2019-04-01,2019,April,3324551.25,1359297.25,1707845.5,7284558.75,5015643.0,132009.25,5692459.75,9075669.75,3411070.0,3643917.25,753675.0,1029269.25,3.32455125,1.35929725,1.7078455,7.28455875,5.015643,0.13200925,5.69245975,9.07566975,3.41107,3.64391725,0.753675,1.02926925
2019-05-01,2019,Mai,3393611.75,1543969.0,1789633.75,6411664.0,5019334.0,120702.25,4610711.25,8654967.0,3494879.5,3367003.5,650016.25,1089072.25,3.39361175,1.543969,1.78963375,6.411664,5.019334,0.12070225,4.61071125,8.654967,3.4948795,3.3670035,0.65001625,1.08907225
2019-06-01,2019,Juni,3167918.0,1659191.5,1457872.75,5099701.0,6461965.75,95833.25,4572589.25,7008983.25,2584863.5,3681617.5,732094.75,861580.75,3.167918,1.6591915,1.45787275,5.099701,6.46196575,0.09583325,4.57258925,7.00898325,2.5848635,3.6816175,0.73209475,0.86158075
2019-07-01,2019,Juli,3070883.0,1686747.0,1674580.0,4851747.75,5742568.25,113185.25,5439284.75,8156552.75,3258013.0,4812771.5,627044.75,886599.0,3.070883,1.686747,1.67458,4.85174775,5.74256825,0.11318525,5.43928475,8.15655275,3.258013,4.8127715,0.62704475,0.886599
2019-08-01,2019,August,3040474.5,1671588.25,1420358.0,4480606.25,5275760.5,110827.0,5477134.5,7963573.5,2870519.0,4761704.0,680880.5,1114498.5,3.0404745,1.67158825,1.420358,4.48060625,5.2757605,0.110827,5.4771345,7.9635735,2.870519,4.761704,0.6808805,1.1144985
2019-09-01,2019,September,2913078.25,1318253.75,2052798.0,7125740.75,3904711.25,119149.5,5786838.25,7732347.25,2492701.25,4864777.0,627388.0,1048792.25,2.91307825,1.31825375,2.052798,7.12574075,3.90471125,0.1191495,5.78683825,7.73234725,2.49270125,4.864777,0.627388,1.04879225
2019-10-01,2019,Oktober,3363461.0,1266310.0,2334587.5,9338036.25,2412895.25,138114.25,6748427.0,8435242.5,3768657.5,5829798.75,793108.25,1173249.25,3.363461,1.26631,2.3345875,9.33803625,2.41289525,0.13811425,6.748427,8.4352425,3.7686575,5.82979875,0.79310825,1.17324925
2019-11-01,2019,November,3361656.75,1205944.75,2224609.5,7854295.0,1027432.25,146075.5,6460100.75,10041708.25,6042079.5,5268347.5,669275.75,1164676.25,3.36165675,1.20594475,2.2246095,7.854295,1.02743225,0.1460755,6.46010075,10.04170825,6.0420795,5.2683475,0.66927575,1.16467625
2019-12-01,2019,Dezember,3595358.25,1141777.25,3028489.0,12171117.75,913235.0,162185.0,6523889.5,7663102.25,3657092.75,4526487.75,808947.75,1268319.0,3.59535825,1.14177725,3.028489,12.17111775,0.913235,0.162185,6.5238895,7.66310225,3.65709275,4.52648775,0.80894775,1.268319
2020-01-01,2020,Januar,3584790.5,1050255.0,3280590.5,12634957.0,1083114.75,161969.75,5811035.75,7986459.5,4578941.0,6527666.0,910279.75,1244904.75,3.5847905,1.050255,3.2805905,12.634957,1.08311475,0.16196975,5.81103575,7.9864595,4.578941,6.527666,0.91027975,1.24490475
2020-02-01,2020,Februar,3323290.75,1246883.25,2995582.25,17187771.0,1679636.5,145201.5,5164492.75,5044713.75,2356824.25,4726412.0,922133.0,1000589.25,3.32329075,1.24688325,2.99558225,17.187771,1.6796365,0.1452015,5.16449275,5.04471375,2.35682425,4.726412,0.922133,1.00058925
2020-03-01,2020,März,3513606.5,1281694.0,2627413.5,11514760.5,4119597.0,154650.75,5400916.25,6151765.5,2719805.5,4887004.25,983767.5,1126405.75,3.5136065,1.281694,2.6274135,11.5147605,4.119597,0.15465075,5.40091625,6.1517655,2.7198055,4.88700425,0.9837675,1.12640575
2020-04-01,2020,April,3330503.75,1136244.25,1832053.0,6971017.25,6384310.75,129625.5,4726388.25,4313587.25,1321970.5,3823315.0,1020853.0,1043896.5,3.33050375,1.13624425,1.832053,6.97101725,6.38431075,0.1296255,4.72638825,4.31358725,1.3219705,3.823315,1.020853,1.0438965
2020-05-01,2020,Mai,3447324.75,1422533.5,1567378.25,6113286.75,6226952.0,131174.5,4285016.5,4311633.0,1583808.25,4490658.25,959216.75,1105483.75,3.44732475,1.4225335,1.56737825,6.11328675,6.226952,0.1311745,4.2850165,4.311633,1.58380825,4.49065825,0.95921675,1.10548375
2020-06-01,2020,Juni,3165700.25,1630928.75,1441552.0,4965069.5,5698328.25,103986.25,4659172.25,5882842.5,1441424.25,5578799.75,794026.5,776530.25,3.16570025,1.63092875,1.441552,4.9650695,5.69832825,0.10398625,4.65917225,5.8828425,1.44142425,5.57879975,0.7940265,0.77653025
2020-07-01,2020,Juli,3246063.5,1660735.25,1565520.25,5461704.0,6246936.75,109684.25,4229939.75,6366929.25,1579624.75,6290186.5,895846.75,985705.25,3.2460635,1.66073525,1.56552025,5.461704,6.24693675,0.10968425,4.22993975,6.36692925,1.57962475,6.2901865,0.89584675,0.98570525
2020-08-01,2020,August,3182440.5,1485637.25,1578507.5,5136716.0,5413069.5,99228.5,5593770.0,7814266.0,2169872.25,5718010.5,898421.75,1018625.75,3.1824405,1.48563725,1.5785075,5.136716,5.4130695,0.0992285,5.59377,7.814266,2.16987225,5.7180105,0.89842175,1.01862575
2020-09-01,2020,September,3130750.0,1408659.25,1707981.5,4616155.0,4621951.25,122388.25,5295337.75,7882319.75,4071897.25,5403765.5,818832.0,1032059.25,3.13075,1.40865925,1.7079815,4.616155,4.62195125,0.12238825,5.29533775,7.88231975,4.07189725,5.4037655,0.818832,1.03205925
2020-10-01,2020,Oktober,3352968.75,1408254.75,3092851.5,10799597.5,2143222.75,137061.25,5135208.75,9243655.0,3367480.25,5323656.75,880252.5,1164712.25,3.35296875,1.40825475,3.0928515,10.7995975,2.14322275,0.13706125,5.13520875,9.243655,3.36748025,5.32365675,0.8802525,1.16471225
2020-11-01,2020,November,3267976.25,1173208.5,2573274.5,8637458.0,1496017.5,146819.0,4782573.5,9569487.0,4965565.5,7229822.75,854598.0,1092081.75,3.26797625,1.1732085,2.5732745,8.637458,1.4960175,0.146819,4.7825735,9.569487,4.9655655,7.22982275,0.854598,1.09208175
2020-12-01,2020,Dezember,3420885.75,1040625.75,2620454.5,9044689.25,671166.0,160327.0,5840034.75,8806351.5,4714770.0,7622210.25,879331.25,1162905.25,3.42088575,1.04062575,2.6204545,9.04468925,0.671166,0.160327,5.84003475,8.8063515,4.71477,7.62221025,0.87933125,1.16290525
2021-01-01,2021,Januar,3390654.25,992324.5,2263541.25,9190255.25,600445.75,154603.0,5925379.0,10260437.5,5111958.25,7292294.75,797113.5,1190998.5,3.39065425,0.9923245,2.26354125,9.19025525,0.60044575,0.154603,5.925379,10.2604375,5.11195825,7.29229475,0.7971135,1.1909985
2021-02-01,2021,Februar,2972072.25,1067784.75,2743174.5,8451315.0,1966106.5,130328.0,5343534.75,7686818.75,3350323.25,6358551.0,680576.5,1019811.25,2.97207225,1.06778475,2.7431745,8.451315,1.9661065,0.130328,5.34353475,7.68681875,3.35032325,6.358551,0.6805765,1.01981125
2021-03-01,2021,März,3321780.5,1096885.5,2356745.0,9052932.75,4084762.0,145858.25,5502068.0,7844513.5,3502914.0,6603361.75,770015.25,1170678.5,3.3217805,1.0968855,2.356745,9.05293275,4.084762,0.14585825,5.502068,7.8445135,3.502914,6.60336175,0.77001525,1.1706785
2021-04-01,2021,April,3215143.75,1028506.25,1775864.25,7709987.75,5411394.25,113368.5,5145542.75,7086525.5,3452755.5,5587178.0,656823.0,1077606.5,3.21514375,1.02850625,1.77586425,7.70998775,5.41139425,0.1133685,5.14554275,7.0865255,3.4527555,5.587178,0.656823,1.0776065
2021-05-01,2021,Mai,3348917.75,1547943.0,1287883.5,8792241.5,5861740.75,109287.5,5277141.25,5706664.75,2393617.25,3589174.5,571920.75,1111334.5,3.34891775,1.547943,1.2878835,8.7922415,5.86174075,0.1092875,5.27714125,5.70666475,2.39361725,3.5891745,0.57192075,1.1113345
2021-06-01,2021,Juni,2948925.5,1785436.0,1050447.75,3349814.25,7090809.5,84571.5,4945204.5,8055826.0,3163581.75,4697738.0,649711.5,1042888.0,2.9489255,1.785436,1.05044775,3.34981425,7.0908095,0.0845715,4.9452045,8.055826,3.16358175,4.697738,0.6497115,1.042888
2021-07-01,2021,Juli,3074738.75,1719840.5,1257519.0,4686137.75,6208818.25,88232.5,5516786.75,7429940.25,3601010.0,3929686.75,555176.5,1050985.0,3.07473875,1.7198405,1.257519,4.68613775,6.20881825,0.0882325,5.51678675,7.42994025,3.60101,3.92968675,0.5551765,1.050985
2021-08-01,2021,August,3102114.0,1737281.0,1906611.75,6171110.5,5247086.75,94262.75,5792832.0,7545135.25,2867174.25,2667497.25,612267.75,1086028.75,3.102114,1.737281,1.90661175,6.1711105,5.24708675,0.09426275,5.792832,7.54513525,2.86717425,2.66749725,0.61226775,1.08602875
2021-09-01,2021,September,3030714.0,1233361.0,1356177.25,4453358.5,4766983.0,93834.0,5457143.0,8727431.0,6440081.5,3791551.5,648898.5,961596.5,3.030714,1.233361,1.35617725,4.4533585,4.766983,0.093834,5.457143,8.727431,6.4400815,3.7915515,0.6488985,0.9615965
2021-10-01,2021,Oktober,3230222.5,907810.75,2923248.25,10151375.5,3189160.0,128212.5,5300847.5,8951692.25,4828411.5,3548072.0,692777.5,1073711.75,3.2302225,0.90781075,2.92324825,10.1513755,3.18916,0.1282125,5.3008475,8.95169225,4.8284115,3.548072,0.6927775,1.07371175
2021-11-01,2021,November,3237410.5,840243.25,2533268.75,7803281.75,1099522.75,143117.0,5601700.5,9301506.5,7012461.5,6047484.5,807549.5,1140535.75,3.2374105,0.84024325,2.53326875,7.80328175,1.09952275,0.143117,5.6017005,9.3015065,7.0124615,6.0474845,0.8075495,1.14053575
2021-12-01,2021,Dezember,3362434.25,931017.75,2555839.25,9753297.25,704116.5,146191.5,5597806.5,9605742.0,6117467.5,6008048.75,821524.75,1172383.75,3.36243425,0.93101775,2.55583925,9.75329725,0.7041165,0.1461915,5.5978065,9.605742,6.1174675,6.00804875,0.82152475,1.17238375
2022-01-01,2022,Januar,3333170.75,999362.25,3134229.0,12958027.75,932867.25,146350.5,2906690.0,8767986.25,6705602.75,6652422.5,819087.75,1043180.0,3.33317075,0.99936225,3.134229,12.95802775,0.93286725,0.1463505,2.90669,8.76798625,6.70560275,6.6524225,0.81908775,1.04318
2022-02-01,2022,Februar,3032446.0,742255.25,2984977.75,17678625.75,2218658.5,124712.0,2695466.0,6445883.75,4815825.5,4510018.75,687026.75,979130.25,3.032446,0.74225525,2.98497775,17.67862575,2.2186585,0.124712,2.695466,6.44588375,4.8158255,4.51001875,0.68702675,0.97913025
2022-03-01,2022,März,3392792.0,836591.25,1403310.0,6767806.5,5589014.0,139784.25,2973913.0,9322134.75,7223740.5,6014687.0,770501.5,1142504.5,3.392792,0.83659125,1.40331,6.7678065,5.589014,0.13978425,2.973913,9.32213475,7.2237405,6.014687,0.7705015,1.1425045
2022-04-01,2022,April,3183136.25,946574.0,1917507.5,9519700.75,5768880.25,115795.0,2865644.5,8360134.0,4127135.5,3991558.5,725676.75,998013.5,3.18313625,0.946574,1.9175075,9.51970075,5.76888025,0.115795,2.8656445,8.360134,4.1271355,3.9915585,0.72567675,0.9980135
2022-05-01,2022,Mai,3158014.0,1323966.0,1480282.0,6435156.5,7602797.75,89508.0,2237942.75,8269461.75,3248352.25,2608171.0,751087.5,920630.75,3.158014,1.323966,1.480282,6.4351565,7.60279775,0.089508,2.23794275,8.26946175,3.24835225,2.608171,0.7510875,0.92063075
2022-06-01,2022,Juni,2971898.75,1389632.0,1164180.75,4400445.25,7988982.75,82282.25,2171814.75,8996675.25,3616988.75,2333553.0,829239.25,864161.75,2.97189875,1.389632,1.16418075,4.40044525,7.98898275,0.08228225,2.17181475,8.99667525,3.61698875,2.333553,0.82923925,0.86416175
2022-07-01,2022,Juli,3013365.5,1194125.0,1773079.25,5489588.25,7846615.25,84553.0,2924644.5,8868871.75,4324216.5,4437866.0,949070.75,902612.25,3.0133655,1.194125,1.77307925,5.48958825,7.84661525,0.084553,2.9246445,8.86887175,4.3242165,4.437866,0.94907075,0.90261225
2022-08-01,2022,August,3014533.5,1154056.25,1018192.75,3512435.0,7228867.0,83707.0,2940986.5,8915118.5,5637572.75,2588600.75,793891.75,884578.75,3.0145335,1.15405625,1.01819275,3.512435,7.228867,0.083707,2.9409865,8.9151185,5.63757275,2.58860075,0.79389175,0.88457875
2022-09-01,2022,September,3021267.75,1106036.5,1910452.25,6171748.75,4726082.25,84683.0,2892888.5,8737581.5,6126504.25,2034110.75,846252.75,885732.5,3.02126775,1.1060365,1.91045225,6.17174875,4.72608225,0.084683,2.8928885,8.7375815,6.12650425,2.03411075,0.84625275,0.8857325
2022-10-01,2022,Oktober,3197815.75,1193369.5,2466036.25,8595915.25,3512126.5,90431.75,2669763.25,8701680.5,3734602.5,2548262.25,956476.75,903465.0,3.19781575,1.1933695,2.46603625,8.59591525,3.5121265,0.09043175,2.66976325,8.7016805,3.7346025,2.54826225,0.95647675,0.903465
2022-11-01,2022,November,3135587.75,984249.75,2818895.75,10082870.25,1671932.0,119490.0,2836794.75,9264454.0,6014713.25,3138648.75,1001468.75,928780.75,3.13558775,0.98424975,2.81889575,10.08287025,1.671932,0.11949,2.83679475,9.264454,6.01471325,3.13864875,1.00146875,0.92878075
2022-12-01,2022,Dezember,3284209.75,934232.25,2676697.75,9372948.5,640601.5,129396.0,2707921.0,8875605.0,7314615.25,4920364.75,1024043.25,1062757.0,3.28420975,0.93423225,2.67669775,9.3729485,0.6406015,0.129396,2.707921,8.875605,7.31461525,4.92036475,1.02404325,1.062757
2023-01-01,2023,Januar,3366888.25,1039921.5,2730538.0,14643045.25,824251.5,107191.0,1730648.0,8019967.5,5911769.0,3889810.75,970106.5,1328746.5,3.36688825,1.0399215,2.730538,14.64304525,0.8242515,0.107191,1.730648,8.0199675,5.911769,3.88981075,0.9701065,1.3287465
2023-02-01,2023,Februar,3071768.5,822648.0,1639371.0,10406607.5,2309490.25,108608.0,1903875.25,8014189.5,6022309.25,5335353.0,673926.75,1283456.5,3.0717685,0.822648,1.639371,10.4066075,2.30949025,0.108608,1.90387525,8.0141895,6.02230925,5.335353,0.67392675,1.2834565
2023-03-01,2023,März,3352666.0,984225.25,2434298.5,12079635.75,3735177.75,122594.5,2138099.75,7244520.5,4151686.0,4866427.0,967265.5,1456685.5,3.352666,0.98422525,2.4342985,12.07963575,3.73517775,0.1225945,2.13809975,7.2445205,4.151686,4.866427,0.9672655,1.4566855
2023-04-01,2023,April,3174927.0,1055997.5,1734890.75,8346806.25,5522118.25,107037.5,968116.25,6724242.0,2901041.25,3561931.25,939114.75,1301409.0,3.174927,1.0559975,1.73489075,8.34680625,5.52211825,0.1070375,0.96811625,6.724242,2.90104125,3.56193125,0.93911475,1.301409
2023-05-01,2023,Mai,3172380.25,1578014.25,1580524.75,6741772.75,8019121.75,96051.75,0.0,5255880.75,1608487.0,3484666.25,927695.25,1333765.5,3.17238025,1.57801425,1.58052475,6.74177275,8.01912175,0.09605175,0.0,5.25588075,1.608487,3.48466625,0.92769525,1.3337655
2023-06-01,2023,Juni,2930674.25,1515030.75,1190448.0,4851659.5,8904774.5,76534.25,0.0,5537486.5,1664665.25,4115802.75,755777.0,1144208.5,2.93067425,1.51503075,1.190448,4.8516595,8.9047745,0.07653425,0.0,5.5374865,1.66466525,4.11580275,0.755777,1.1442085
2023-07-01,2023,Juli,2972075.25,1456619.0,1794391.5,8358710.5,7693868.5,76693.75,0.0,4591588.5,1535638.0,3737676.75,691008.75,1395953.75,2.97207525,1.456619,1.7943915,8.3587105,7.6938685,0.07669375,0.0,4.5915885,1.535638,3.73767675,0.69100875,1.39595375
2023-08-01,2023,August,3026313.25,1507786.75,1192894.0,5752548.25,6537509.25,82092.0,0.0,5389195.75,2282123.25,4016100.5,829334.5,1366379.75,3.02631325,1.50778675,1.192894,5.75254825,6.53750925,0.082092,0.0,5.38919575,2.28212325,4.0161005,0.8293345,1.36637975
2023-09-01,2023,September,2896349.5,1331288.0,1335142.5,5315447.5,6558575.0,89687.5,0.0,6380647.75,2559617.5,3587106.75,826190.0,1458108.25,2.8963495,1.331288,1.3351425,5.3154475,6.558575,0.0896875,0.0,6.38064775,2.5596175,3.58710675,0.82619,1.45810825
2023-10-01,2023,Oktober,3076700.75,1031028.75,2577212.75,11832075.0,3310175.75,104358.0,0.0,6617187.0,3220046.25,3879790.75,904607.0,1465643.0,3.07670075,1.03102875,2.57721275,11.832075,3.31017575,0.104358,0.0,6.617187,3.22004625,3.87979075,0.904607,1.465643
2023-11-01,2023,November,3088185.75,1351629.0,2319520.25,14411570.5,1367921.75,115398.75,0.0,7164197.0,3958817.25,5090586.0,852006.25,1389172.5,3.08818575,1.351629,2.31952025,14.4115705,1.36792175,0.11539875,0.0,7.164197,3.95881725,5.090586,0.85200625,1.3891725
2023-12-01,2023,Dezember,3166389.25,1345611.5,2990697.5,16267234.75,761045.0,118933.75,0.0,6904953.5,3933812.75,5524589.25,838946.0,1434812.0,3.16638925,1.3456115,2.9906975,16.26723475,0.761045,0.11893375,0.0,6.9049535,3.93381275,5.52458925,0.838946,1.434812
2024-01-01,2024,Januar,3178686.0,1527869.75,3036663.75,15538623.0,1433804.0,121548.0,0.0,6819909.25,4036643.0,7171706.5,797579.5,1356743.0,3.178686,1.52786975,3.03666375,15.538623,1.433804,0.121548,0.0,6.81990925,4.036643,7.1717065,0.7975795,1.356743
2024-02-01,2024,Februar,3025250.75,1363737.75,2780407.5,14088422.75,2236905.75,100751.5,0.0,6010242.5,2607946.25,5287330.75,770379.5,1340098.5,3.02525075,1.36373775,2.7804075,14.08842275,2.23690575,0.1007515,0.0,6.0102425,2.60794625,5.28733075,0.7703795,1.3400985
2024-03-01,2024,März,3270618.5,1394855.75,2736839.0,9347789.0,4876757.25,85718.5,0.0,6461017.75,2423432.25,5301249.25,818488.75,1402417.0,3.2706185,1.39485575,2.736839,9.347789,4.87675725,0.0857185,0.0,6.46101775,2.42343225,5.30124925,0.81848875,1.402417
2024-04-01,2024,April,3028276.25,1402538.0,2186038.25,9674383.75,6624391.25,77726.75,0.0,4303987.5,1642419.25,4319790.5,903802.75,1284024.75,3.02827625,1.402538,2.18603825,9.67438375,6.62439125,0.07772675,0.0,4.3039875,1.64241925,4.3197905,0.90380275,1.28402475
2024-05-01,2024,Mai,3027532.5,1683963.75,1528316.0,6248813.75,8603730.25,82885.25,0.0,4716631.75,1088283.25,3873127.25,904486.25,1325669.25,3.0275325,1.68396375,1.528316,6.24881375,8.60373025,0.08288525,0.0,4.71663175,1.08828325,3.87312725,0.90448625,1.32566925
2024-06-01,2024,Juni,2861024.25,1653953.0,1552964.75,5670932.75,8835624.5,69856.0,0.0,5290899.0,1072616.5,3493624.0,951746.0,1153422.25,2.86102425,1.653953,1.55296475,5.67093275,8.8356245,0.069856,0.0,5.290899,1.0726165,3.493624,0.951746,1.15342225
2024-07-01,2024,Juli,2878042.0,1795411.75,1636014.25,5528038.25,9306817.75,80859.0,0.0,5471088.0,1050448.0,3253777.5,1070466.75,1424860.5,2.878042,1.79541175,1.63601425,5.52803825,9.30681775,0.080859,0.0,5.471088,1.050448,3.2537775,1.07046675,1.4248605
2024-08-01,2024,August,2817887.25,1456816.25,1426232.0,5184448.5,8941062.25,81602.75,0.0,5365300.25,1696165.5,3430310.25,994638.0,1371920.75,2.81788725,1.45681625,1.426232,5.1844485,8.94106225,0.08160275,0.0,5.36530025,1.6961655,3.43031025,0.994638,1.37192075
2024-09-01,2024,September,2747048.0,1357653.75,1822075.0,8943181.25,6161317.5,76891.5,0.0,5177279.75,2185951.25,3207378.75,837670.5,1292639.5,2.747048,1.35765375,1.822075,8.94318125,6.1613175,0.0768915,0.0,5.17727975,2.18595125,3.20737875,0.8376705,1.2926395
2024-10-01,2024,Oktober,3041499.25,1564444.75,2261530.25,8368162.75,3561570.5,88776.5,0.0,7134012.25,2750257.75,3852887.75,834093.75,1302478.5,3.04149925,1.56444475,2.26153025,8.36816275,3.5615705,0.0887765,0.0,7.13401225,2.75025775,3.85288775,0.83409375,1.3024785
2024-11-01,2024,November,3102041.5,1118226.5,2233532.75,10259467.0,1529686.25,91081.25,0.0,7657978.5,3685594.0,7062067.25,717187.0,1244702.75,3.1020415,1.1182265,2.23353275,10.259467,1.52968625,0.09108125,0.0,7.6579785,3.685594,7.06206725,0.717187,1.24470275
2024-12-01,2024,Dezember,3219102.0,1232445.0,2466866.25,13708154.25,1036765.75,101042.25,0.0,6578007.75,3096561.75,6663231.5,790154.0,1341659.75,3.219102,1.232445,2.46686625,13.70815425,1.03676575,0.10104225,0.0,6.57800775,3.09656175,6.6632315,0.790154,1.34165975
2025-01-01,2025,Januar,3215965.0,1301460.25,2539817.75,13201131.5,1627464.75,96204.89,0.0,6826962.0,3611040.75,7924274.25,853112.25,1233616.75,3.215965,1.30146025,2.53981775,13.2011315,1.62746475,0.09620489,0.0,6.826962,3.61104075,7.92427425,0.85311225,1.23361675
2025-02-01,2025,Februar,2982355.25,1093729.0,2260150.5,7227404.0,3018648.0,84728.25,0.0,7092101.0,4236837.75,7702449.0,744985.75,1157822.5,2.98235525,1.093729,2.2601505,7.227404,3.018648,0.08472825,0.0,7.092101,4.23683775,7.702449,0.74498575,1.1578225
2025-03-01,2025,März,3129644.89,965179.75,1889088.0,6491692.25,6906310.4,87653.72,0.0,7277676.75,3184093.5,5649854.75,903139.0,1223664.75,3.1296448900000002,0.96517975,1.889088,6.49169225,6.906310400000001,0.08765372,0.0,7.27767675,3.1840935,5.64985475,0.903139,1.22366475
2025-04-01,2025,April,2974209.25,1003416.25,1080769.75,5843161.25,8951024.5,81003.25,0.0,5340820.5,2398520.0,3692677.25,954915.25,1169981.0,2.97420925,1.00341625,1.08076975,5.84316125,8.9510245,0.08100325,0.0,5.3408205,2.39852,3.69267725,0.95491525,1.169981
2025-05-01,2025,Mai,2926019.0,1175772.25,1861451.25,7858113.25,10217138.5,75802.0,0.0,4105918.5,985455.25,3130741.75,984972.0,1182706.25,2.926019,1.17577225,1.86145125,7.85811325,10.2171385,0.075802,0.0,4.1059185,0.98545525,3.13074175,0.984972,1.18270625
2025-06-01,2025,Juni,2819445.0,1343208.75,1848906.25,8676526.75,10536110.75,65539.75,0.0,3635517.75,1201003.75,2394517.25,916778.25,1064827.75,2.819445,1.34320875,1.84890625,8.67652675,10.53611075,0.06553975,0.0,3.63551775,1.20100375,2.39451725,0.91677825,1.06482775
2025-07-01,2025,Juli,2882519.84,1405119.49,1561247.83,6167800.71,9056373.02,66518.95,0.0,5754061.25,1909475.25,2927114.0,808930.25,1077294.0,2.88251984,1.40511949,1.5612478300000001,6.16780071,9.056373019999999,0.06651895,0.0,5.75406125,1.90947525,2.927114,0.80893025,1.077294
2025-08-01,2025,August,2852499.35,1463011.45,1699077.95,5459159.51,9672278.48,73973.16,0.0,4518747.75,1301445.0,3015974.75,843045.25,1075939.5,2.85249935,1.46301145,1.69907795,5.45915951,9.672278480000001,0.07397316000000001,0.0,4.51874775,1.301445,3.01597475,0.84304525,1.0759395
2025-09-01,2025,September,2794210.42,1208876.63,2410541.28,9721142.41,6435895.39,72157.99,0.0,4925688.75,1397569.0,3790773.75,733651.25,1014139.0,2.7942104199999998,1.2088766299999998,2.41054128,9.72114241,6.43589539,0.07215799,0.0,4.92568875,1.397569,3.79077375,0.73365125,1.014139
2025-10-01,2025,Oktober,3034056.45,1116769.65,2901834.16,13695534.4,3642622.45,79788.3,0.0,5648721.13,2166156.53,5275413.52,756737.01,1394098.94,3.03405645,1.11676965,2.90183416,13.6955344,3.64262245,0.0797883,0.0,5.64872113,2.16615653,5.27541352,0.75673701,1.39409894
2025-11-01,2025,November,3069622.61,1084135.1,2716300.26,9952192.85,2210900.1,81528.93,0.0,6595504.11,3165924.61,7519788.06,673562.25,1350662.8,3.0696226099999997,1.0841351000000001,2.7163002599999997,9.95219285,2.2109001,0.08152893,0.0,6.59550411,3.16592461,7.51978806,0.67356225,1.3506628
2025-12-01,2025,Dezember,3193590.01,1022205.69,3425383.69,12474033.51,1509063.85,88217.82,0.0,5444634.18,2599886.52,7523775.97,719716.35,1429378.01,3.19359001,1.0222056899999998,3.42538369,12.47403351,1.50906385,0.08821782,0.0,5.4446341799999995,2.59988652,7.52377597,0.71971635,1.42937801
