Datum von;Datum bis;Biomasse [MWh] Berechnete Auflösungen;Wasserkraft [MWh] Berechnete Auflösungen;Wind Offshore [MWh] Berechnete Auflösungen;Wind Onshore [MWh] Berechnete Auflösungen;Photovoltaik [MWh] Berechnete Auflösungen;Sonstige Erneuerbare [MWh] Berechnete Auflösungen;Kernenergie [MWh] Berechnete Auflösungen;Braunkohle [MWh] Berechnete Auflösungen;Steinkohle [MWh] Berechnete Auflösungen;Erdgas [MWh] Berechnete Auflösungen;Pumpspeicher [MWh] Berechnete Auflösungen;Sonstige Konventionelle [MWh] Berechnete Auflösungen
01.01.2015;01.02.2015;3.479.938,77;1.186.617,59;264.490,14;9.404.178,83;560.194,61;175.611,97;8.201.762,38;11.800.183,18;6.387.685,58;1.405.688,92;762.023,04;839.702,19
01.02.2015;01.03.2015;3.153.613,46;871.004,80;284.790,22;5.181.228,19;1.367.809,39;154.664,97;7.498.808,73;11.249.755,30;7.886.895,71;1.615.352,60;651.887,77;797.723,97
01.03.2015;01.04.2015;3.437.602,13;1.030.917,99;434.443,05;6.865.747,54;2.839.770,88;156.243,35;7.308.641,32;12.177.183,02;7.320.063,65;1.359.908,55;718.934,49;817.338,79
01.04.2015;01.05.2015;3.269.723,30;1.248.928,32;379.940,40;4.837.677,66;4.380.466,76;151.245,19;6.858.356,45;10.200.743,22;5.994.324,95;850.196,84;676.779,64;770.986,52
01.05.2015;01.06.2015;3.361.025,36;1.560.655,41;566.551,40;4.848.138,13;4.366.740,00;136.081,97;6.930.784,48;8.935.798,05;4.295.091,75;866.135,02;747.062,94;714.053,44
01.06.2015;01.07.2015;3.148.634,57;1.530.080,42;482.704,86;3.703.068,02;4.565.107,66;130.830,06;6.255.284,14;9.783.882,06;5.766.215,62;785.115,21;713.295,32;715.374,22
01.07.2015;01.08.2015;3.154.176,33;1.428.882,87;711.055,23;5.258.582,06;4.919.012,42;128.932,93;5.087.525,84;11.028.702,59;6.224.532,46;1.135.712,59;713.222,58;702.168,93
01.08.2015;01.09.2015;3.171.875,11;1.294.891,54;573.051,14;3.325.961,09;4.619.954,60;126.557,45;7.067.474,42;11.690.165,04;6.408.932,47;854.279,14;640.851,40;685.433,04
01.09.2015;01.10.2015;3.215.482,95;1.123.136,94;770.218,89;4.861.013,13;3.187.844,77;141.784,91;7.292.421,45;12.245.028,06;7.751.902,28;880.402,71;587.981,82;1.034.335,82
01.10.2015;01.11.2015;3.435.017,83;1.054.511,77;890.793,40;3.153.530,24;1.941.872,93;167.406,08;6.714.338,57;12.858.697,92;9.756.304,22;1.759.364,82;694.618,92;1.192.280,19
01.11.2015;01.12.2015;3.367.881,05;848.746,18;1.297.678,34;9.354.374,59;1.138.657,83;167.095,84;7.465.126,85;11.069.423,45;7.112.669,21;1.901.767,96;645.270,80;1.104.250,32
01.12.2015;01.01.2016;3.556.113,60;915.792,52;1.507.018,69;10.375.239,63;847.248,93;176.848,81;7.682.960,28;10.758.157,55;6.234.033,65;1.811.952,19;648.509,51;1.051.661,63
01.01.2016;01.02.2016;3.559.094,06;1.007.806,82;1.386.330,49;8.154.722,12;675.069,89;192.317,13;7.813.365,66;11.762.657,99;8.065.569,21;2.456.380,34;723.297,58;1.149.485,92
01.02.2016;01.03.2016;3.364.925,94;1.157.603,97;1.156.101,90;8.863.699,37;1.262.446,34;169.960,20;7.218.782,88;10.601.948,40;6.528.947,58;1.684.994,44;667.189,77;1.064.211,56
01.03.2016;01.04.2016;3.607.140,01;1.358.744,26;853.287,65;5.283.413,67;2.492.565,56;186.204,69;7.687.228,40;11.022.927,13;7.819.384,96;1.506.569,51;622.185,13;1.207.381,78
01.04.2016;01.05.2016;3.418.680,95;1.600.631,11;887.578,63;5.168.800,07;3.955.764,35;151.780,64;5.127.448,71;10.742.436,23;6.669.299,70;1.130.953,13;620.325,93;1.052.536,03
01.05.2016;01.06.2016;3.440.723,60;1.865.288,49;936.942,04;5.287.533,74;4.948.148,45;143.620,61;4.869.633,50;10.058.847,36;5.326.787,51;1.188.228,67;644.920,68;1.090.491,78
01.06.2016;01.07.2016;3.218.523,54;1.907.809,85;566.119,47;2.837.406,08;4.744.944,69;124.143,97;5.967.672,17;9.580.803,94;6.660.841,79;1.116.913,49;675.701,38;1.106.423,12
01.07.2016;01.08.2016;3.288.701,55;2.071.244,08;796.113,71;3.981.831,69;4.924.811,06;119.613,71;6.138.018,21;10.626.615,09;5.881.933,90;1.152.711,89;645.942,96;1.100.974,54
01.08.2016;01.09.2016;3.300.759,80;2.007.044,29;879.296,92;3.987.187,74;4.701.708,39;117.914,90;7.014.115,48;10.533.579,70;5.409.502,21;1.767.611,19;678.285,39;1.123.010,53
01.09.2016;01.10.2016;3.224.239,49;1.565.762,84;710.972,98;3.564.466,48;3.843.236,71;120.491,58;6.844.051,81;11.008.449,28;6.590.783,24;2.379.832,56;642.505,86;1.188.053,98
01.10.2016;01.11.2016;3.513.995,79;1.180.029,46;1.304.620,45;4.422.605,09;1.672.957,17;158.199,61;7.831.158,26;11.808.648,13;7.079.270,04;2.736.041,67;662.464,22;1.239.422,96
01.11.2016;01.12.2016;3.456.602,60;1.172.522,61;1.316.919,24;6.763.849,19;1.000.725,21;175.121,33;7.424.053,67;11.553.165,19;7.494.490,88;2.626.352,82;695.047,61;1.177.749,24
01.12.2016;01.01.2017;3.662.439,62;1.120.030,29;1.298.811,62;7.993.372,38;776.127,50;176.557,71;6.306.900,19;11.075.471,90;7.363.082,08;3.142.158,88;822.274,73;1.242.127,44
01.01.2017;01.02.2017;3.649.711,97;858.535,23;1.230.808,11;6.645.128,72;781.465,03;177.271,80;5.724.510,70;11.680.609,48;9.528.841,72;3.726.357,79;894.617,29;1.476.514,08
01.02.2017;01.03.2017;3.282.916,34;892.756,30;1.899.416,90;8.094.545,14;1.481.436,15;162.645,59;4.543.545,84;10.507.491,53;7.034.388,90;2.522.126,90;678.858,84;1.223.793,46
01.03.2017;01.04.2017;3.569.829,27;1.234.639,45;1.487.017,63;7.850.786,24;3.224.212,86;171.021,66;4.850.954,50;11.530.154,28;5.885.605,38;2.191.156,44;786.359,72;1.373.790,60
01.04.2017;01.05.2017;3.419.713,52;1.153.828,59;1.395.681,57;6.708.627,51;3.868.653,00;151.582,35;4.764.285,43;10.910.745,63;4.581.375,81;1.787.654,76;746.560,71;1.328.344,38
01.05.2017;01.06.2017;3.402.196,93;1.507.675,19;1.207.356,74;4.452.314,30;5.107.633,61;137.429,17;5.649.977,58;10.874.071,31;5.433.328,51;1.773.664,74;743.162,41;1.290.335,64
01.06.2017;01.07.2017;3.179.593,44;1.498.170,11;1.248.283,74;5.908.985,51;5.360.119,32;104.349,44;6.348.391,78;10.125.063,11;3.829.714,18;1.655.944,00;775.336,66;1.177.131,30
01.07.2017;01.08.2017;3.256.322,88;1.507.610,50;934.910,71;4.613.523,75;4.883.687,15;107.687,28;5.345.067,97;10.364.435,92;4.499.040,37;2.176.384,82;607.658,21;1.258.152,97
01.08.2017;01.09.2017;3.255.625,65;1.539.492,07;1.124.715,87;4.429.446,64;4.585.533,49;123.815,68;7.091.590,41;11.198.090,62;4.013.498,18;1.254.035,71;674.851,95;1.239.697,42
01.09.2017;01.10.2017;3.173.709,82;1.487.918,33;1.009.553,86;5.360.400,85;3.067.429,63;124.437,23;6.388.126,50;10.481.485,45;5.796.293,50;1.638.233,40;672.711,43;1.294.470,65
01.10.2017;01.11.2017;3.378.297,54;1.305.468,84;2.210.472,45;10.495.067,08;2.120.465,65;143.272,75;7.361.692,11;10.328.135,80;4.263.339,33;1.884.666,94;755.029,51;1.337.365,91
01.11.2017;01.12.2017;3.415.836,73;1.309.388,55;1.642.971,01;8.749.828,46;816.469,57;157.561,17;6.905.502,62;11.160.861,12;6.268.280,16;2.701.063,18;749.873,82;1.377.081,85
01.12.2017;01.01.2018;3.585.725,07;1.303.188,21;2.022.976,77;12.658.925,75;482.294,33;163.057,20;7.240.261,96;10.125.428,27;4.871.752,59;2.269.032,71;534.044,28;1.404.234,61
01.01.2018;01.02.2018;3.581.036,22;1.400.990,24;1.880.620,70;12.549.925,74;716.921,40;168.357,93;6.694.342,26;11.104.431,80;5.161.637,86;4.037.190,47;916.190,32;1.364.185,21
01.02.2018;01.03.2018;3.266.619,62;1.182.993,07;1.539.506,32;6.411.038,47;1.836.248,89;157.498,71;6.094.704,88;11.190.684,85;8.061.135,27;5.065.446,20;757.503,17;1.179.455,62
01.03.2018;01.04.2018;3.454.748,24;1.142.389,46;1.617.560,03;9.001.493,03;2.745.421,11;171.387,06;6.175.821,79;11.291.181,14;7.873.983,04;4.127.728,25;834.566,39;1.235.019,96
01.04.2018;01.05.2018;3.191.465,07;1.436.745,98;1.592.135,66;7.311.776,09;4.854.882,06;130.876,46;5.181.358,66;10.198.548,27;4.166.420,48;2.221.445,37;801.757,95;1.213.386,67
01.05.2018;01.06.2018;3.340.716,84;1.713.215,28;1.300.815,45;5.935.032,76;5.922.535,21;120.133,26;4.872.694,30;10.157.971,87;3.782.750,05;2.094.052,50;806.285,02;1.205.619,69
01.06.2018;01.07.2018;3.142.480,43;1.669.177,84;1.124.230,46;4.620.259,52;5.323.130,88;102.072,15;5.698.555,60;11.033.453,39;4.614.122,59;2.512.160,81;624.153,12;985.006,17
01.07.2018;01.08.2018;3.114.919,31;1.418.495,63;759.896,94;3.635.642,47;6.150.741,99;100.987,91;6.157.166,72;11.530.002,51;6.234.891,51;3.350.725,48;498.650,15;1.123.179,26
01.08.2018;01.09.2018;3.165.960,93;1.248.229,41;1.076.466,18;4.982.330,63;5.166.926,59;98.532,71;6.524.326,76;10.972.610,43;5.460.820,92;3.127.740,68;556.437,16;1.359.188,63
01.09.2018;01.10.2018;3.040.552,42;1.184.238,44;1.783.010,21;6.120.461,01;4.061.408,23;103.903,49;5.600.412,23;10.411.670,38;5.979.534,45;2.892.266,25;713.337,79;1.419.430,13
01.10.2018;01.11.2018;3.316.908,82;1.037.148,08;2.006.663,67;8.708.046,36;2.743.667,54;110.539,43;5.745.275,05;10.665.987,26;7.041.724,43;3.812.471,14;792.996,05;1.478.598,55
01.11.2018;01.12.2018;3.417.159,02;990.249,46;1.973.118,91;7.986.210,95;1.162.079,91;101.350,51;6.325.700,95;10.634.904,06;7.495.155,18;5.033.022,23;689.863,31;1.557.569,73
01.12.2018;01.01.2019;3.493.904,27;1.118.108,93;2.414.345,97;12.060.621,53;512.112,28;96.358,59;6.771.242,28;9.138.480,44;5.673.043,81;4.603.916,01;813.065,95;1.548.918,87
01.01.2019;01.02.2019;3.550.046,75;1.200.910,75;2.213.086,50;12.522.275,25;728.156,75;136.702,50;6.821.064,00;9.862.384,25;7.549.348,25;5.740.661,50;824.704,25;1.222.620,50
01.02.2019;01.03.2019;3.215.899,50;1.032.343,75;1.938.096,25;8.892.392,75;2.184.288,25;137.206,75;6.196.593,00;9.835.908,50;5.566.684,00;4.474.908,25;655.388,50;1.207.127,00
01.03.2019;01.04.2019;3.481.646,50;1.384.887,50;2.540.870,25;13.696.172,50;3.020.968,75;145.525,50;6.713.072,25;8.298.238,75;3.119.376,25;3.647.710,75;788.373,00;1.159.437,75
01.04.2019;01.05.2019;3.324.551,25;1.359.297,25;1.707.845,50;7.284.558,75;5.015.643,00;132.009,25;5.692.459,75;9.075.669,75;3.411.070,00;3.643.917,25;753.675,00;1.029.269,25
01.05.2019;01.06.2019;3.393.611,75;1.543.969,00;1.789.633,75;6.411.664,00;5.019.334,00;120.702,25;4.610.711,25;8.654.967,00;3.494.879,50;3.367.003,50;650.016,25;1.089.072,25
01.06.2019;01.07.2019;3.167.918,00;1.659.191,50;1.457.872,75;5.099.701,00;6.461.965,75;95.833,25;4.572.589,25;7.008.983,25;2.584.863,50;3.681.617,50;732.094,75;861.580,75
01.07.2019;01.08.2019;3.070.883,00;1.686.747,00;1.674.580,00;4.851.747,75;5.742.568,25;113.185,25;5.439.284,75;8.156.552,75;3.258.013,00;4.812.771,50;627.044,75;886.599,00
01.08.2019;01.09.2019;3.040.474,50;1.671.588,25;1.420.358,00;4.480.606,25;5.275.760,50;110.827,00;5.477.134,50;7.963.573,50;2.870.519,00;4.761.704,00;680.880,50;1.114.498,50
01.09.2019;01.10.2019;2.913.078,25;1.318.253,75;2.052.798,00;7.125.740,75;3.904.711,25;119.149,50;5.786.838,25;7.732.347,25;2.492.701,25;4.864.777,00;627.388,00;1.048.792,25
01.10.2019;01.11.2019;3.363.461,00;1.266.310,00;2.334.587,50;9.338.036,25;2.412.895,25;138.114,25;6.748.427,00;8.435.242,50;3.768.657,50;5.829.798,75;793.108,25;1.173.249,25
01.11.2019;01.12.2019;3.361.656,75;1.205.944,75;2.224.609,50;7.854.295,00;1.027.432,25;146.075,50;6.460.100,75;10.041.708,25;6.042.079,50;5.268.347,50;669.275,75;1.164.676,25
01.12.2019;01.01.2020;3.595.358,25;1.141.777,25;3.028.489,00;12.171.117,75;913.235,00;162.185,00;6.523.889,50;7.663.102,25;3.657.092,75;4.526.487,75;808.947,75;1.268.319,00
01.01.2020;01.02.2020;3.584.790,50;1.050.255,00;3.280.590,50;12.634.957,00;1.083.114,75;161.969,75;5.811.035,75;7.986.459,50;4.578.941,00;6.527.666,00;910.279,75;1.244.904,75
01.02.2020;01.03.2020;3.323.290,75;1.246.883,25;2.995.582,25;17.187.771,00;1.679.636,50;145.201,50;5.164.492,75;5.044.713,75;2.356.824,25;4.726.412,00;922.133,00;1.000.589,25
01.03.2020;01.04.2020;3.513.606,50;1.281.694,00;2.627.413,50;11.514.760,50;4.119.597,00;154.650,75;5.400.916,25;6.151.765,50;2.719.805,50;4.887.004,25;983.767,50;1.126.405,75
01.04.2020;01.05.2020;3.330.503,75;1.136.244,25;1.832.053,00;6.971.017,25;6.384.310,75;129.625,50;4.726.388,25;4.313.587,25;1.321.970,50;3.823.315,00;1.020.853,00;1.043.896,50
01.05.2020;01.06.2020;3.447.324,75;1.422.533,50;1.567.378,25;6.113.286,75;6.226.952,00;131.174,50;4.285.016,50;4.311.633,00;1.583.808,25;4.490.658,25;959.216,75;1.105.483,75
01.06.2020;01.07.2020;3.165.700,25;1.630.928,75;1.441.552,00;4.965.069,50;5.698.328,25;103.986,25;4.659.172,25;5.882.842,50;1.441.424,25;5.578.799,75;794.026,50;776.530,25
01.07.2020;01.08.2020;3.246.063,50;1.660.735,25;1.565.520,25;5.461.704,00;6.246.936,75;109.684,25;4.229.939,75;6.366.929,25;1.579.624,75;6.290.186,50;895.846,75;985.705,25
01.08.2020;01.09.2020;3.182.440,50;1.485.637,25;1.578.507,50;5.136.716,00;5.413.069,50;99.228,50;5.593.770,00;7.814.266,00;2.169.872,25;5.718.010,50;898.421,75;1.018.625,75
01.09.2020;01.10.2020;3.130.750,00;1.408.659,25;1.707.981,50;4.616.155,00;4.621.951,25;122.388,25;5.295.337,75;7.882.319,75;4.071.897,25;5.403.765,50;818.832,00;1.032.059,25
01.10.2020;01.11.2020;3.352.968,75;1.408.254,75;3.092.851,50;10.799.597,50;2.143.222,75;137.061,25;5.135.208,75;9.243.655,00;3.367.480,25;5.323.656,75;880.252,50;1.164.712,25
01.11.2020;01.12.2020;3.267.976,25;1.173.208,50;2.573.274,50;8.637.458,00;1.496.017,50;146.819,00;4.782.573,50;9.569.487,00;4.965.565,50;7.229.822,75;854.598,00;1.092.081,75
01.12.2020;01.01.2021;3.420.885,75;1.040.625,75;2.620.454,50;9.044.689,25;671.166,00;160.327,00;5.840.034,75;8.806.351,50;4.714.770,00;7.622.210,25;879.331,25;1.162.905,25
01.01.2021;01.02.2021;3.390.654,25;992.324,50;2.263.541,25;9.190.255,25;600.445,75;154.603,00;5.925.379,00;10.260.437,50;5.111.958,25;7.292.294,75;797.113,50;1.190.998,50
01.02.2021;01.03.2021;2.972.072,25;1.067.784,75;2.743.174,50;8.451.315,00;1.966.106,50;130.328,00;5.343.534,75;7.686.818,75;3.350.323,25;6.358.551,00;680.576,50;1.019.811,25
01.03.2021;01.04.2021;3.321.780,50;1.096.885,50;2.356.745,00;9.052.932,75;4.084.762,00;145.858,25;5.502.068,00;7.844.513,50;3.502.914,00;6.603.361,75;770.015,25;1.170.678,50
01.04.2021;01.05.2021;3.215.143,75;1.028.506,25;1.775.864,25;7.709.987,75;5.411.394,25;113.368,50;5.145.542,75;7.086.525,50;3.452.755,50;5.587.178,00;656.823,00;1.077.606,50
01.05.2021;01.06.2021;3.348.917,75;1.547.943,00;1.287.883,50;8.792.241,50;5.861.740,75;109.287,50;5.277.141,25;5.706.664,75;2.393.617,25;3.589.174,50;571.920,75;1.111.334,50
01.06.2021;01.07.2021;2.948.925,50;1.785.436,00;1.050.447,75;3.349.814,25;7.090.809,50;84.571,50;4.945.204,50;8.055.826,00;3.163.581,75;4.697.738,00;649.711,50;1.042.888,00
01.07.2021;01.08.2021;3.074.738,75;1.719.840,50;1.257.519,00;4.686.137,75;6.208.818,25;88.232,50;5.516.786,75;7.429.940,25;3.601.010,00;3.929.686,75;555.176,50;1.050.985,00
01.08.2021;01.09.2021;3.102.114,00;1.737.281,00;1.906.611,75;6.171.110,50;5.247.086,75;94.262,75;5.792.832,00;7.545.135,25;2.867.174,25;2.667.497,25;612.267,75;1.086.028,75
01.09.2021;01.10.2021;3.030.714,00;1.233.361,00;1.356.177,25;4.453.358,50;4.766.983,00;93.834,00;5.457.143,00;8.727.431,00;6.440.081,50;3.791.551,50;648.898,50;961.596,50
01.10.2021;01.11.2021;3.230.222,50;907.810,75;2.923.248,25;10.151.375,50;3.189.160,00;128.212,50;5.300.847,50;8.951.692,25;4.828.411,50;3.548.072,00;692.777,50;1.073.711,75
01.11.2021;01.12.2021;3.237.410,50;840.243,25;2.533.268,75;7.803.281,75;1.099.522,75;143.117,00;5.601.700,50;9.301.506,50;7.012.461,50;6.047.484,50;807.549,50;1.140.535,75
01.12.2021;01.01.2022;3.362.434,25;931.017,75;2.555.839,25;9.753.297,25;704.116,50;146.191,50;5.597.806,50;9.605.742,00;6.117.467,50;6.008.048,75;821.524,75;1.172.383,75
01.01.2022;01.02.2022;3.333.170,75;999.362,25;3.134.229,00;12.958.027,75;932.867,25;146.350,50;2.906.690,00;8.767.986,25;6.705.602,75;6.652.422,50;819.087,75;1.043.180,00
01.02.2022;01.03.2022;3.032.446,00;742.255,25;2.984.977,75;17.678.625,75;2.218.658,50;124.712,00;2.695.466,00;6.445.883,75;4.815.825,50;4.510.018,75;687.026,75;979.130,25
01.03.2022;01.04.2022;3.392.792,00;836.591,25;1.403.310,00;6.767.806,50;5.589.014,00;139.784,25;2.973.913,00;9.322.134,75;7.223.740,50;6.014.687,00;770.501,50;1.142.504,50
01.04.2022;01.05.2022;3.183.136,25;946.574,00;1.917.507,50;9.519.700,75;5.768.880,25;115.795,00;2.865.644,50;8.360.134,00;4.127.135,50;3.991.558,50;725.676,75;998.013,50
01.05.2022;01.06.2022;3.158.014,00;1.323.966,00;1.480.282,00;6.435.156,50;7.602.797,75;89.508,00;2.237.942,75;8.269.461,75;3.248.352,25;2.608.171,00;751.087,50;920.630,75
01.06.2022;01.07.2022;2.971.898,75;1.389.632,00;1.164.180,75;4.400.445,25;7.988.982,75;82.282,25;2.171.814,75;8.996.675,25;3.616.988,75;2.333.553,00;829.239,25;864.161,75
01.07.2022;01.08.2022;3.013.365,50;1.194.125,00;1.773.079,25;5.489.588,25;7.846.615,25;84.553,00;2.924.644,50;8.868.871,75;4.324.216,50;4.437.866,00;949.070,75;902.612,25
01.08.2022;01.09.2022;3.014.533,50;1.154.056,25;1.018.192,75;3.512.435,00;7.228.867,00;83.707,00;2.940.986,50;8.915.118,50;5.637.572,75;2.588.600,75;793.891,75;884.578,75
01.09.2022;01.10.2022;3.021.267,75;1.106.036,50;1.910.452,25;6.171.748,75;4.726.082,25;84.683,00;2.892.888,50;8.737.581,50;6.126.504,25;2.034.110,75;846.252,75;885.732,50
01.10.2022;01.11.2022;3.197.815,75;1.193.369,50;2.466.036,25;8.595.915,25;3.512.126,50;90.431,75;2.669.763,25;8.701.680,50;3.734.602,50;2.548.262,25;956.476,75;903.465,00
01.11.2022;01.12.2022;3.135.587,75;984.249,75;2.818.895,75;10.082.870,25;1.671.932,00;119.490,00;2.836.794,75;9.264.454,00;6.014.713,25;3.138.648,75;1.001.468,75;928.780,75
01.12.2022;01.01.2023;3.284.209,75;934.232,25;2.676.697,75;9.372.948,50;640.601,50;129.396,00;2.707.921,00;8.875.605,00;7.314.615,25;4.920.364,75;1.024.043,25;1.062.757,00
01.01.2023;01.02.2023;3.366.888,25;1.039.921,50;2.730.538,00;14.643.045,25;824.251,50;107.191,00;1.730.648,00;8.019.967,50;5.911.769,00;3.889.810,75;970.106,50;1.328.746,50
01.02.2023;01.03.2023;3.071.768,50;822.648,00;1.639.371,00;10.406.607,50;2.309.490,25;108.608,00;1.903.875,25;8.014.189,50;6.022.309,25;5.335.353,00;673.926,75;1.283.456,50
01.03.2023;01.04.2023;3.352.666,00;984.225,25;2.434.298,50;12.079.635,75;3.735.177,75;122.594,50;2.138.099,75;7.244.520,50;4.151.686,00;4.866.427,00;967.265,50;1.456.685,50
01.04.2023;01.05.2023;3.174.927,00;1.055.997,50;1.734.890,75;8.346.806,25;5.522.118,25;107.037,50;968.116,25;6.724.242,00;2.901.041,25;3.561.931,25;939.114,75;1.301.409,00
01.05.2023;01.06.2023;3.172.380,25;1.578.014,25;1.580.524,75;6.741.772,75;8.019.121,75;96.051,75;0,00;5.255.880,75;1.608.487,00;3.484.666,25;927.695,25;1.333.765,50
01.06.2023;01.07.2023;2.930.674,25;1.515.030,75;1.190.448,00;4.851.659,50;8.904.774,50;76.534,25;0,00;5.537.486,50;1.664.665,25;4.115.802,75;755.777,00;1.144.208,50
01.07.2023;01.08.2023;2.972.075,25;1.456.619,00;1.794.391,50;8.358.710,50;7.693.868,50;76.693,75;0,00;4.591.588,50;1.535.638,00;3.737.676,75;691.008,75;1.395.953,75
01.08.2023;01.09.2023;3.026.313,25;1.507.786,75;1.192.894,00;5.752.548,25;6.537.509,25;82.092,00;0,00;5.389.195,75;2.282.123,25;4.016.100,50;829.334,50;1.366.379,75
01.09.2023;01.10.2023;2.896.349,50;1.331.288,00;1.335.142,50;5.315.447,50;6.558.575,00;89.687,50;0,00;6.380.647,75;2.559.617,50;3.587.106,75;826.190,00;1.458.108,25
01.10.2023;01.11.2023;3.076.700,75;1.031.028,75;2.577.212,75;11.832.075,00;3.310.175,75;104.358,00;0,00;6.617.187,00;3.220.046,25;3.879.790,75;904.607,00;1.465.643,00
01.11.2023;01.12.2023;3.088.185,75;1.351.629,00;2.319.520,25;14.411.570,50;1.367.921,75;115.398,75;0,00;7.164.197,00;3.958.817,25;5.090.586,00;852.006,25;1.389.172,50
01.12.2023;01.01.2024;3.166.389,25;1.345.611,50;2.990.697,50;16.267.234,75;761.045,00;118.933,75;0,00;6.904.953,50;3.933.812,75;5.524.589,25;838.946,00;1.434.812,00
01.01.2024;01.02.2024;3.178.686,00;1.527.869,75;3.036.663,75;15.538.623,00;1.433.804,00;121.548,00;-;6.819.909,25;4.036.643,00;7.171.706,50;797.579,50;1.356.743,00
01.02.2024;01.03.2024;3.025.250,75;1.363.737,75;2.780.407,50;14.088.422,75;2.236.905,75;100.751,50;-;6.010.242,50;2.607.946,25;5.287.330,75;770.379,50;1.340.098,50
01.03.2024;01.04.2024;3.270.618,50;1.394.855,75;2.736.839,00;9.347.789,00;4.876.757,25;85.718,50;-;6.461.017,75;2.423.432,25;5.301.249,25;818.488,75;1.402.417,00
01.04.2024;01.05.2024;3.028.276,25;1.402.538,00;2.186.038,25;9.674.383,75;6.624.391,25;77.726,75;-;4.303.987,50;1.642.419,25;4.319.790,50;903.802,75;1.284.024,75
01.05.2024;01.06.2024;3.027.532,50;1.683.963,75;1.528.316,00;6.248.813,75;8.603.730,25;82.885,25;-;4.716.631,75;1.088.283,25;3.873.127,25;904.486,25;1.325.669,25
01.06.2024;01.07.2024;2.861.024,25;1.653.953,00;1.552.964,75;5.670.932,75;8.835.624,50;69.856,00;-;5.290.899,00;1.072.616,50;3.493.624,00;951.746,00;1.153.422,25
01.07.2024;01.08.2024;2.878.042,00;1.795.411,75;1.636.014,25;5.528.038,25;9.306.817,75;80.859,00;-;5.471.088,00;1.050.448,00;3.253.777,50;1.070.466,75;1.424.860,50
01.08.2024;01.09.2024;2.817.887,25;1.456.816,25;1.426.232,00;5.184.448,50;8.941.062,25;81.602,75;-;5.365.300,25;1.696.165,50;3.430.310,25;994.638,00;1.371.920,75
01.09.2024;01.10.2024;2.747.048,00;1.357.653,75;1.822.075,00;8.943.181,25;6.161.317,50;76.891,50;-;5.177.279,75;2.185.951,25;3.207.378,75;837.670,50;1.292.639,50
01.10.2024;01.11.2024;3.041.499,25;1.564.444,75;2.261.530,25;8.368.162,75;3.561.570,50;88.776,50;-;7.134.012,25;2.750.257,75;3.852.887,75;834.093,75;1.302.478,50
01.11.2024;01.12.2024;3.102.041,50;1.118.226,50;2.233.532,75;10.259.467,00;1.529.686,25;91.081,25;-;7.657.978,50;3.685.594,00;7.062.067,25;717.187,00;1.244.702,75
01.12.2024;01.01.2025;3.219.102,00;1.232.445,00;2.466.866,25;13.708.154,25;1.036.765,75;101.042,25;-;6.578.007,75;3.096.561,75;6.663.231,50;790.154,00;1.341.659,75
01.01.2025;01.02.2025;3.215.965,00;1.301.460,25;2.539.817,75;13.201.131,50;1.627.464,75;96.204,89;-;6.826.962,00;3.611.040,75;7.924.274,25;853.112,25;1.233.616,75
01.02.2025;01.03.2025;2.982.355,25;1.093.729,00;2.260.150,50;7.227.404,00;3.018.648,00;84.728,25;-;7.092.101,00;4.236.837,75;7.702.449,00;744.985,75;1.157.822,50
01.03.2025;01.04.2025;3.129.644,89;965.179,75;1.889.088,00;6.491.692,25;6.906.310,40;87.653,72;-;7.277.676,75;3.184.093,50;5.649.854,75;903.139,00;1.223.664,75
01.04.2025;01.05.2025;2.974.209,25;1.003.416,25;1.080.769,75;5.843.161,25;8.951.024,50;81.003,25;-;5.340.820,50;2.398.520,00;3.692.677,25;954.915,25;1.169.981,00
01.05.2025;01.06.2025;2.926.019,00;1.175.772,25;1.861.451,25;7.858.113,25;10.217.138,50;75.802,00;-;4.105.918,50;985.455,25;3.130.741,75;984.972,00;1.182.706,25
01.06.2025;01.07.2025;2.819.445,00;1.343.208,75;1.848.906,25;8.676.526,75;10.536.110,75;65.539,75;-;3.635.517,75;1.201.003,75;2.394.517,25;916.778,25;1.064.827,75
01.07.2025;01.08.2025;2.882.519,84;1.405.119,49;1.561.247,83;6.167.800,71;9.056.373,02;66.518,95;-;5.754.061,25;1.909.475,25;2.927.114,00;808.930,25;1.077.294,00
01.08.2025;01.09.2025;2.852.499,35;1.463.011,45;1.699.077,95;5.459.159,51;9.672.278,48;73.973,16;-;4.518.747,75;1.301.445,00;3.015.974,75;843.045,25;1.075.939,50
01.09.2025;01.10.2025;2.794.210,42;1.208.876,63;2.410.541,28;9.721.142,41;6.435.895,39;72.157,99;-;4.925.688,75;1.397.569,00;3.790.773,75;733.651,25;1.014.139,00
01.10.2025;01.11.2025;3.034.056,45;1.116.769,65;2.901.834,16;13.695.534,40;3.642.622,45;79.788,30;-;5.648.721,13;2.166.156,53;5.275.413,52;756.737,01;1.394.098,94
01.11.2025;01.12.2025;3.069.622,61;1.084.135,10;2.716.300,26;9.952.192,85;2.210.900,10;81.528,93;-;6.595.504,11;3.165.924,61;7.519.788,06;673.562,25;1.350.662,80
01.12.2025;01.01.2026;3.193.590,01;1.022.205,69;3.425.383,69;12.474.033,51;1.509.063,85;88.217,82;-;5.444.634,18;2.599.886,52;7.523.775,97;719.716,35;1.429.378,01
